{"count":1,"self":122.3499904,"total":1130.5984002999999,"children":{"InitializeActuators":{"count":32,"self":0.0029936999999999997,"total":0.0029936999999999997,"children":null},"InitializeSensors":{"count":32,"self":0.0010253,"total":0.0010253,"children":null},"AgentSendState":{"count":138184,"self":8.528566399999999,"total":36.2948163,"children":{"CollectObservations":{"count":884384,"self":4.3072516,"total":4.3072517,"children":null},"WriteActionMask":{"count":884384,"self":1.9686852,"total":1.9686850999999999,"children":null},"RequestDecision":{"count":884384,"self":8.1851408,"total":21.4903135,"children":{"AgentInfo.ToProto":{"count":884384,"self":5.9236135999999995,"total":13.3051725,"children":{"GenerateSensorData":{"count":884384,"self":7.3815583999999994,"total":7.3815588,"children":null}}}}}}},"DecideAction":{"count":138184,"self":954.477056,"total":954.4770307,"children":null},"AgentAct":{"count":138184,"self":13.3399936,"total":13.356706599999999,"children":{"AgentInfo.ToProto":{"count":743,"self":0.0077304999999999995,"total":0.0167134,"children":{"GenerateSensorData":{"count":743,"self":0.0089829,"total":0.0089829,"children":null}}}}},"AgentInfo.ToProto":{"count":137041,"self":1.9617376,"total":4.1138425,"children":{"GenerateSensorData":{"count":137041,"self":2.1521049999999997,"total":2.1521049999999997,"children":null}}}},"gauges":{"MoveToTarget.CumulativeReward":{"count":137784,"max":9.729995,"min":-66.10875,"runningAverage":3.98972321,"value":2.62000012,"weightedAverage":3.62647963}},"metadata":{"timer_format_version":"0.1.0","start_time_seconds":"1676642632","unity_version":"2022.1.23f1","command_line_arguments":"C:\\Program Files\\Unity\\Hub\\Editor\\2022.1.23f1\\Editor\\Unity.exe -projectpath D:\/TEACHING\/ML_Agents\/Unity_Intro\/Unity_ML_Agents -useHub -hubIPC -cloudEnvironment production -hubSessionId 2e4d01d0-ade8-11ed-8dd8-7b3d39c15cd2 -accessToken Tmp748pi_QS5NkukXyMiYrDQMdd1_JwGJuUlFdp55hY005f","communication_protocol_version":"1.5.0","com.unity.ml-agents_version":"2.1.0-exp.1","scene_name":"SampleScene","end_time_seconds":"1676643763"}}